,IQR_outlier_count,robust_z_count,IQR_outlier_pct
alcohol,1,0,0.00018796992481203009
chlorides,237,260,0.04454887218045113
citric acid,143,110,0.026879699248120302
density,3,2,0.0005639097744360903
fixed acidity,304,211,0.05714285714285714
free sulfur dioxide,44,20,0.008270676691729323
pH,49,10,0.009210526315789473
residual sugar,141,768,0.02650375939849624
sulphates,163,95,0.030639097744360903
total sulfur dioxide,10,3,0.0018796992481203006
volatile acidity,279,199,0.05244360902255639
wine_type,0,0,0.0
